date,DATE,CO2(ppm),SD(ppm),GR(ppm/yr),Source,month,CO2(ppb)
1976-05-15,1976.3689,328.861,0.165,,in situ,5,328861.0
1976-06-15,1976.4536,328.988,0.285,,in situ,6,328988.0
1976-07-15,1976.5355,329.653,0.282,,in situ,7,329653.0
1976-08-15,1976.6202,330.55,0.201,,in situ,8,330550.0
1976-09-15,1976.7049,330.872,0.234,,in situ,9,330872.0
1976-10-15,1976.7869,330.899,0.015,,in situ,10,330899.0
1976-11-15,1976.8716,330.883,0.243,2.146,in situ,11,330883.0
1976-12-15,1976.9536,330.677,0.187,2.51199,in situ,12,330677.0
1977-01-15,1977.0384,330.529,0.235,2.14697,in situ,1,330529.0
1977-02-15,1977.1233,330.543,0.198,1.77701,in situ,2,330543.0
1977-03-15,1977.2,330.724,0.119,2.06799,in situ,3,330724.0
1977-04-15,1977.2849,330.805,0.178,2.13501,in situ,4,330805.0
1977-05-15,1977.3671,331.007,0.132,1.89502,in situ,5,331007.0
1977-06-15,1977.4521,331.5,0.203,1.70001,in situ,6,331500.0
1977-07-15,1977.5342,331.8,0.206,1.565,in situ,7,331800.0
1977-08-15,1977.6192,332.327,0.216,1.63199,in situ,8,332327.0
1977-09-15,1977.7041,332.94,0.113,1.67401,in situ,9,332940.0
1977-10-15,1977.7863,333.034,0.199,1.66901,in situ,10,333034.0
1977-11-15,1977.8712,332.778,0.226,1.63901,in situ,11,332778.0
1977-12-15,1977.9534,332.377,0.259,1.51501,in situ,12,332377.0
1978-01-15,1978.0384,332.094,0.201,1.517,in situ,1,332094.0
1978-02-15,1978.1233,332.175,0.245,1.599,in situ,2,332175.0
1978-03-15,1978.2,332.398,0.198,2.03699,in situ,3,332398.0
1978-04-15,1978.2849,332.474,0.201,2.29901,in situ,4,332474.0
1978-05-15,1978.3671,332.646,0.2,2.04797,in situ,5,332646.0
1978-06-15,1978.4521,333.015,0.102,2.15399,in situ,6,333015.0
1978-07-15,1978.5342,333.317,0.236,2.40399,in situ,7,333317.0
1978-08-15,1978.6192,333.926,0.363,2.41,in situ,8,333926.0
1978-09-15,1978.7041,334.977,0.387,2.36499,in situ,9,334977.0
1978-10-15,1978.7863,335.333,0.203,2.229,in situ,10,335333.0
1978-11-15,1978.8712,334.826,0.203,1.98001,in situ,11,334826.0
1978-12-15,1978.9534,334.531,0.197,1.87399,in situ,12,334531.0
1979-01-15,1979.0384,334.498,0.211,2.13501,in situ,1,334498.0
1979-02-15,1979.1233,334.585,0.21,2.01001,in situ,2,334585.0
1979-03-15,1979.2,334.763,0.198,1.004,in situ,3,334763.0
1979-04-15,1979.2849,334.703,0.217,0.645996,in situ,4,334703.0
1979-05-15,1979.3671,334.626,0.177,1.14502,in situ,5,334626.0
1979-06-15,1979.4521,334.889,0.197,1.202,in situ,6,334889.0
1979-07-15,1979.5342,335.452,0.265,1.18002,in situ,7,335452.0
1979-08-15,1979.6192,335.936,0.172,1.19302,in situ,8,335936.0
1979-09-15,1979.7041,335.981,0.213,1.13501,in situ,9,335981.0
1979-10-15,1979.7863,335.979,0.024,1.354,in situ,10,335979.0
1979-11-15,1979.8712,335.971,0.215,1.55899,in situ,11,335971.0
1979-12-15,1979.9534,335.733,0.242,1.64301,in situ,12,335733.0
1980-01-15,1980.0383,335.678,0.204,1.478,in situ,1,335678.0
1980-02-15,1980.123,335.778,0.188,1.16,in situ,2,335778.0
1980-03-15,1980.2022,335.898,0.179,1.20901,in situ,3,335898.0
1980-04-15,1980.2869,336.057,0.179,1.13699,in situ,4,336057.0
1980-05-15,1980.3689,336.185,0.201,0.96698,in situ,5,336185.0
1980-06-15,1980.4536,336.532,0.229,1.18298,in situ,6,336532.0
1980-07-15,1980.5355,336.93,0.222,1.41098,in situ,7,336930.0
1980-08-15,1980.6202,337.096,0.17,1.452,in situ,8,337096.0
1980-09-15,1980.7049,337.19,0.215,1.328,in situ,9,337190.0
1980-10-15,1980.7869,337.116,0.201,1.117,in situ,10,337116.0
1980-11-15,1980.8716,336.938,0.237,1.16101,in situ,11,336938.0
1980-12-15,1980.9536,336.916,0.232,1.05499,in situ,12,336916.0
1981-01-15,1981.0384,337.089,0.183,0.902008,in situ,1,337089.0
1981-02-15,1981.1233,337.23,0.227,0.996979,in situ,2,337230.0
1981-03-15,1981.2,337.226,0.128,0.975006,in situ,3,337226.0
1981-04-15,1981.2849,337.174,0.17,0.955994,in situ,4,337174.0
1981-05-15,1981.3671,337.346,0.178,1.06201,in situ,5,337346.0
1981-06-15,1981.4521,337.587,0.17,0.85202,in situ,6,337587.0
1981-07-15,1981.5342,337.832,0.086,0.21701,in situ,7,337832.0
1981-08-15,1981.6192,338.093,0.204,-0.102997,in situ,8,338093.0
1981-09-15,1981.7041,338.165,0.21,0.0479736,in situ,9,338165.0
1981-10-15,1981.7863,338.072,0.229,0.523987,in situ,10,338072.0
1981-11-15,1981.8712,338.0,0.235,0.686005,in situ,11,338000.0
1981-12-15,1981.9534,337.768,0.127,0.598999,in situ,12,337768.0
1982-01-15,1982.0384,337.306,0.193,0.718994,in situ,1,337306.0
1982-02-15,1982.1233,337.127,0.179,0.805023,in situ,2,337127.0
1982-03-15,1982.2,337.274,0.29,0.656982,in situ,3,337274.0
1982-04-15,1982.2849,337.698,0.241,0.562012,in situ,4,337698.0
1982-05-15,1982.3671,338.032,0.187,0.557007,in situ,5,338032.0
1982-06-15,1982.4521,338.186,0.153,0.559998,in situ,6,338186.0
1982-07-15,1982.5342,338.551,0.186,1.00101,in situ,7,338551.0
1982-08-15,1982.6192,338.898,0.153,1.29999,in situ,8,338898.0
1982-09-15,1982.7041,338.822,0.213,1.24503,in situ,9,338822.0
1982-10-15,1982.7863,338.634,0.195,1.41699,in situ,10,338634.0
1982-11-15,1982.8712,338.557,0.163,1.5,in situ,11,338557.0
1982-12-15,1982.9534,338.328,0.171,1.41501,in situ,12,338328.0
1983-01-15,1983.0384,338.307,0.17,1.78702,in situ,1,338307.0
1983-02-15,1983.1233,338.427,0.184,2.306,in situ,2,338427.0
1983-03-15,1983.2,338.519,0.186,2.53201,in situ,3,338519.0
1983-04-15,1983.2849,339.115,0.241,2.62299,in situ,4,339115.0
1983-05-15,1983.3671,339.532,0.141,2.73898,in situ,5,339532.0
1983-06-15,1983.4521,339.601,0.156,2.979,in situ,6,339601.0
1983-07-15,1983.5342,340.338,0.446,2.966,in situ,7,340338.0
1983-08-15,1983.6192,341.204,0.237,2.84399,in situ,8,341204.0
1983-09-15,1983.7041,341.354,0.163,2.72299,in situ,9,341354.0
1983-10-15,1983.7863,341.257,0.18,2.117,in situ,10,341257.0
1983-11-15,1983.8712,341.296,0.155,1.858,in situ,11,341296.0
1983-12-15,1983.9534,341.307,0.111,2.01898,in situ,12,341307.0
1984-01-15,1984.0383,341.273,0.11,1.59698,in situ,1,341273.0
1984-02-15,1984.123,341.271,0.122,1.155,in situ,2,341271.0
1984-03-15,1984.2022,341.242,0.114,1.15399,in situ,3,341242.0
1984-04-15,1984.2869,341.232,0.138,1.215,in situ,4,341232.0
1984-05-15,1984.3689,341.39,0.129,1.13,in situ,5,341390.0
1984-06-15,1984.4536,341.62,0.163,1.035,in situ,6,341620.0
1984-07-15,1984.5355,341.935,0.166,1.056,in situ,7,341935.0
1984-08-15,1984.6202,342.359,0.158,1.01801,in situ,8,342359.0
1984-09-15,1984.7049,342.508,0.145,1.077,in situ,9,342508.0
1984-10-15,1984.7869,342.472,0.173,1.25601,in situ,10,342472.0
1984-11-15,1984.8716,342.426,0.171,1.37799,in situ,11,342426.0
1984-12-15,1984.9536,342.342,0.154,1.539,in situ,12,342342.0
1985-01-15,1985.0384,342.329,0.142,1.72101,in situ,1,342329.0
1985-02-15,1985.1233,342.289,0.101,1.70999,in situ,2,342289.0
1985-03-15,1985.2,342.319,0.124,1.689,in situ,3,342319.0
1985-04-15,1985.2849,342.488,0.145,1.72302,in situ,4,342488.0
1985-05-15,1985.3671,342.768,0.153,1.51901,in situ,5,342768.0
1985-06-15,1985.4521,343.159,0.177,1.36798,in situ,6,343159.0
1985-07-15,1985.5342,343.656,0.195,1.38599,in situ,7,343656.0
1985-08-15,1985.6192,344.069,0.151,1.452,in situ,8,344069.0
1985-09-15,1985.7041,344.197,0.149,1.44601,in situ,9,344197.0
1985-10-15,1985.7863,344.195,0.184,1.29599,in situ,10,344195.0
1985-11-15,1985.8712,343.945,0.211,1.14899,in situ,11,343945.0
1985-12-15,1985.9534,343.71,0.175,1.077,in situ,12,343710.0
1986-01-15,1986.0384,343.715,0.157,1.02899,in situ,1,343715.0
1986-02-15,1986.1233,343.741,0.098,0.988007,in situ,2,343741.0
1986-03-15,1986.2,343.765,0.115,1.04001,in situ,3,343765.0
1986-04-15,1986.2849,343.784,0.143,1.112,in situ,4,343784.0
1986-05-15,1986.3671,343.917,0.166,1.25998,in situ,5,343917.0
1986-06-15,1986.4521,344.236,0.188,1.245,in situ,6,344236.0
1986-07-15,1986.5342,344.685,0.199,1.00201,in situ,7,344685.0
1986-08-15,1986.6192,345.057,0.161,0.960999,in situ,8,345057.0
1986-09-15,1986.7041,345.237,0.16,1.09299,in situ,9,345237.0
1986-10-15,1986.7863,345.307,0.125,1.26901,in situ,10,345307.0
1986-11-15,1986.8712,345.205,0.184,1.52499,in situ,11,345205.0
1986-12-15,1986.9534,344.955,0.167,1.76901,in situ,12,344955.0
1987-01-15,1987.0384,344.717,0.151,1.78699,in situ,1,344717.0
1987-02-15,1987.1233,344.702,0.098,1.90799,in situ,2,344702.0
1987-03-15,1987.2,344.858,0.133,2.01999,in situ,3,344858.0
1987-04-15,1987.2849,345.053,0.135,1.996,in situ,4,345053.0
1987-05-15,1987.3671,345.442,0.188,2.20102,in situ,5,345442.0
1987-06-15,1987.4521,346.005,0.215,2.45001,in situ,6,346005.0
1987-07-15,1987.5342,346.472,0.164,2.63998,in situ,7,346472.0
1987-08-15,1987.6192,346.965,0.21,2.66602,in situ,8,346965.0
1987-09-15,1987.7041,347.257,0.17,2.57001,in situ,9,347257.0
1987-10-15,1987.7863,347.303,0.175,2.55399,in situ,10,347303.0
1987-11-15,1987.8712,347.406,0.101,2.37003,in situ,11,347406.0
1987-12-15,1987.9534,347.405,0.137,2.24701,in situ,12,347405.0
1988-01-15,1988.0383,347.357,0.16,2.44,in situ,1,347357.0
1988-02-15,1988.123,347.368,0.163,2.19101,in situ,2,347368.0
1988-03-15,1988.2022,347.428,0.116,1.79401,in situ,3,347428.0
1988-04-15,1988.2869,347.607,0.186,1.64499,in situ,4,347607.0
1988-05-15,1988.3689,347.812,0.147,1.466,in situ,5,347812.0
1988-06-15,1988.4536,348.252,0.256,1.427,in situ,6,348252.0
1988-07-15,1988.5355,348.912,0.216,1.36002,in situ,7,348912.0
1988-08-15,1988.6202,349.156,0.142,1.388,in situ,8,349156.0
1988-09-15,1988.7049,349.051,0.097,1.548,in situ,9,349051.0
1988-10-15,1988.7869,348.948,0.139,1.44901,in situ,10,348948.0
1988-11-15,1988.8716,348.872,0.126,1.25299,in situ,11,348872.0
1988-12-15,1988.9536,348.832,0.146,1.04498,in situ,12,348832.0
1989-01-15,1989.0384,348.717,0.122,0.77002,in situ,1,348717.0
1989-02-15,1989.1233,348.756,0.152,0.890991,in situ,2,348756.0
1989-03-15,1989.2,348.976,0.154,1.17099,in situ,3,348976.0
1989-04-15,1989.2849,349.056,0.085,1.19901,in situ,4,349056.0
1989-05-15,1989.3671,349.065,0.122,1.19998,in situ,5,349065.0
1989-06-15,1989.4521,349.297,0.2,1.134,in situ,6,349297.0
1989-07-15,1989.5342,349.682,0.133,1.13199,in situ,7,349682.0
1989-08-15,1989.6192,350.047,0.156,1.138,in situ,8,350047.0
1989-09-15,1989.7041,350.222,0.115,1.07898,in situ,9,350222.0
1989-10-15,1989.7863,350.147,0.173,1.29401,in situ,10,350147.0
1989-11-15,1989.8712,350.072,0.111,1.547,in situ,11,350072.0
1989-12-15,1989.9534,349.966,0.13,1.595,in situ,12,349966.0
1990-01-15,1990.0384,349.849,0.128,1.69199,in situ,1,349849.0
1990-02-15,1990.1233,349.894,0.104,1.689,in situ,2,349894.0
1990-03-15,1990.2,350.055,0.142,1.55103,in situ,3,350055.0
1990-04-15,1990.2849,350.35,0.166,1.63699,in situ,4,350350.0
1990-05-15,1990.3671,350.612,0.234,1.73602,in situ,5,350612.0
1990-06-15,1990.4521,350.892,0.169,1.64801,in situ,6,350892.0
1990-07-15,1990.5342,351.374,0.179,1.60501,in situ,7,351374.0
1990-08-15,1990.6192,351.736,0.157,1.65698,in situ,8,351736.0
1990-09-15,1990.7041,351.773,0.154,1.64999,in situ,9,351773.0
1990-10-15,1990.7863,351.784,0.139,1.52899,in situ,10,351784.0
1990-11-15,1990.8712,351.808,0.129,1.67099,in situ,11,351808.0
1990-12-15,1990.9534,351.614,0.15,1.76199,in situ,12,351614.0
1991-01-15,1991.0384,351.454,0.181,1.48599,in situ,1,351454.0
1991-02-15,1991.1233,351.551,0.184,1.45502,in situ,2,351551.0
1991-03-15,1991.2,351.705,0.115,1.55499,in situ,3,351705.0
1991-04-15,1991.2849,351.879,0.155,2.14099,in situ,4,351879.0
1991-05-15,1991.3671,352.283,0.174,1.87097,in situ,5,352283.0
1991-06-15,1991.4521,352.654,0.218,1.95297,in situ,6,352654.0
1991-07-15,1991.5342,352.86,0.125,1.90198,in situ,7,352860.0
1991-08-15,1991.6192,353.191,0.136,1.68399,in situ,8,353191.0
1991-09-15,1991.7041,353.328,0.135,1.46503,in situ,9,353328.0
1991-10-15,1991.786301,353.925,0.1631,1.47699,flask,10,353925.0
1991-11-15,1991.871233,353.679,0.1108,1.45001,flask,11,353679.0
1991-12-15,1991.953425,353.567,0.4468,1.51901,flask,12,353567.0
1992-01-15,1992.038251,353.356,0.2093,1.83502,flask,1,353356.0
1992-02-15,1992.122951,353.235,0.6106,1.70599,flask,2,353235.0
1992-03-15,1992.202186,353.17,0.0852,1.70099,flask,3,353170.0
1992-04-15,1992.286885,353.356,0.1906,1.15802,flask,4,353356.0
1992-05-15,1992.368852,353.733,0.1578,1.18301,flask,5,353733.0
1992-06-15,1992.453552,354.173,0.223,1.039,flask,6,354173.0
1992-07-15,1992.535519,354.695,0.185,0.922028,flask,7,354695.0
1992-08-15,1992.620219,354.897,0.2284,0.968018,flask,8,354897.0
1992-09-15,1992.704918,355.029,0.1908,1.25299,flask,9,355029.0
1992-10-15,1992.786885,355.083,0.1472,1.00201,flask,10,355083.0
1992-11-15,1992.871585,354.862,0.1066,0.592987,flask,11,354862.0
1992-12-15,1992.953552,354.606,0.2251,0.589996,flask,12,354606.0
1993-01-15,1993.038356,354.278,0.1839,0.541992,flask,1,354278.0
1993-02-15,1993.123288,354.203,0.1205,0.759003,flask,2,354203.0
1993-03-15,1993.2,354.423,0.1233,0.852997,flask,3,354423.0
1993-04-15,1993.284932,354.358,0.1852,0.839996,flask,4,354358.0
1993-05-15,1993.367123,354.326,0.205,0.966003,flask,5,354326.0
1993-06-15,1993.452055,354.763,0.245,0.911011,flask,6,354763.0
1993-07-15,1993.534247,355.237,0.3413,0.873993,flask,7,355237.0
1993-08-15,1993.619178,355.656,0.2381,0.928986,flask,8,355656.0
1993-09-15,1993.70411,355.882,0.0987,1.03101,flask,9,355882.0
1993-10-15,1993.786301,355.923,0.2118,1.383,flask,10,355923.0
1993-11-15,1993.871233,355.828,0.2143,1.63602,flask,11,355828.0
1993-12-15,1993.953425,355.517,0.1167,1.46701,flask,12,355517.0
1994-01-15,1994.038356,355.152,0.0789,1.479,flask,1,355152.0
1994-02-15,1994.123288,355.132,0.3495,1.625,flask,2,355132.0
1994-03-15,1994.2,355.454,0.3277,1.724,flask,3,355454.0
1994-04-15,1994.284932,355.741,0.1912,1.702,flask,4,355741.0
1994-05-15,1994.367123,355.962,0.2296,1.67899,flask,5,355962.0
1994-06-15,1994.452055,356.23,0.2001,1.95499,flask,6,356230.0
1994-07-15,1994.534247,356.716,0.2709,2.383,flask,7,356716.0
1994-08-15,1994.619178,357.281,0.1914,2.478,flask,8,357281.0
1994-09-15,1994.70411,357.606,0.1012,2.146,flask,9,357606.0
1994-10-15,1994.786301,357.625,0.1522,1.84702,flask,10,357625.0
1994-11-15,1994.871233,357.507,0.1175,1.92899,flask,11,357507.0
1994-12-15,1994.953425,357.472,0.2169,2.06299,flask,12,357472.0
1995-01-15,1995.038356,357.535,0.2024,1.86398,flask,1,357535.0
1995-02-15,1995.123288,357.61,0.3427,1.63498,flask,2,357610.0
1995-03-15,1995.2,357.6,0.173,1.59302,flask,3,357600.0
1995-04-15,1995.284932,357.588,0.147,1.685,flask,4,357588.0
1995-05-15,1995.367123,357.891,0.1997,1.87402,flask,5,357891.0
1995-06-15,1995.452055,358.293,0.1781,2.17102,flask,6,358293.0
1995-07-15,1995.534247,358.58,0.1723,2.00198,flask,7,358580.0
1995-08-15,1995.619178,358.916,0.1728,1.58301,flask,8,358916.0
1995-09-15,1995.70411,359.199,0.1861,1.58798,flask,9,359199.0
1995-10-15,1995.786301,359.31,0.2117,1.646,flask,10,359310.0
1995-11-15,1995.871233,359.381,0.1592,1.53101,flask,11,359381.0
1995-12-15,1995.953425,359.643,0.1833,1.621,flask,12,359643.0
1996-01-15,1996.038251,359.537,0.2098,1.759,flask,1,359537.0
1996-02-15,1996.122951,359.193,0.1318,1.759,flask,2,359193.0
1996-03-15,1996.202186,359.188,0.288,1.616,flask,3,359188.0
1996-04-15,1996.286885,359.234,0.1734,1.375,flask,4,359234.0
1996-05-15,1996.368852,359.422,0.1452,1.15298,flask,5,359422.0
1996-06-15,1996.453552,359.914,0.2358,0.764008,flask,6,359914.0
1996-07-15,1996.535519,360.339,0.1526,0.887024,flask,7,360339.0
1996-08-15,1996.620219,360.675,0.1818,1.353,flask,8,360675.0
1996-09-15,1996.704918,360.815,0.1531,1.40302,flask,9,360815.0
1996-10-15,1996.786885,360.685,0.1541,1.41998,flask,10,360685.0
1996-11-15,1996.871585,360.534,0.2109,1.39499,flask,11,360534.0
1996-12-15,1996.953552,360.407,0.1534,1.112,flask,12,360407.0
1997-01-15,1997.038356,360.424,0.2093,1.08401,flask,1,360424.0
1997-02-15,1997.123288,360.546,0.2565,1.21002,flask,2,360546.0
1997-03-15,1997.2,360.591,0.1836,1.33301,flask,3,360591.0
1997-04-15,1997.284932,360.654,0.1604,1.59702,flask,4,360654.0
1997-05-15,1997.367123,360.817,0.1799,1.72299,flask,5,360817.0
1997-06-15,1997.452055,361.026,0.15,1.79797,flask,6,361026.0
1997-07-15,1997.534247,361.423,0.2516,1.758,flask,7,361423.0
1997-08-15,1997.619178,361.885,0.1778,1.77402,flask,8,361885.0
1997-09-15,1997.70411,362.148,0.1398,2.026,flask,9,362148.0
1997-10-15,1997.786301,362.282,0.2001,2.241,flask,10,362282.0
1997-11-15,1997.871233,362.257,0.1802,2.44101,flask,11,362257.0
1997-12-15,1997.953425,362.205,0.1574,2.65799,flask,12,362205.0
1998-01-15,1998.038356,362.182,0.19,2.77499,flask,1,362182.0
1998-02-15,1998.123288,362.32,0.1744,2.931,flask,2,362320.0
1998-03-15,1998.2,362.617,0.1651,3.03998,flask,3,362617.0
1998-04-15,1998.284932,362.895,0.1244,2.922,flask,4,362895.0
1998-05-15,1998.367123,363.258,0.2123,2.81702,flask,5,363258.0
1998-06-15,1998.452055,363.684,0.1788,2.78702,flask,6,363684.0
1998-07-15,1998.534247,364.198,0.1957,2.944,flask,7,364198.0
1998-08-15,1998.619178,364.816,0.1782,2.85699,flask,8,364816.0
1998-09-15,1998.70411,365.188,0.1993,2.37601,flask,9,365188.0
1998-10-15,1998.786301,365.204,0.1659,2.155,flask,10,365204.0
1998-11-15,1998.871233,365.074,0.1629,2.02802,flask,11,365074.0
1998-12-15,1998.953425,364.992,0.0806,1.754,flask,12,364992.0
1999-01-15,1999.038356,365.126,0.2077,1.52802,flask,1,365126.0
1999-02-15,1999.123288,365.177,0.1705,1.345,flask,2,365177.0
1999-03-15,1999.2,364.993,0.1707,1.33401,flask,3,364993.0
1999-04-15,1999.284932,365.05,0.1696,1.466,flask,4,365050.0
1999-05-15,1999.367123,365.286,0.162,1.535,flask,5,365286.0
1999-06-15,1999.452055,365.438,0.2414,1.62698,flask,6,365438.0
1999-07-15,1999.534247,365.726,0.2403,1.539,flask,7,365726.0
1999-08-15,1999.619178,366.161,0.2162,1.29099,flask,8,366161.0
1999-09-15,1999.70411,366.522,0.142,1.245,flask,9,366522.0
1999-10-15,1999.786301,366.67,0.2753,1.121,flask,10,366670.0
1999-11-15,1999.871233,366.609,0.1822,1.10199,flask,11,366609.0
1999-12-15,1999.953425,366.619,0.124,1.401,flask,12,366619.0
2000-01-15,2000.038251,366.665,0.1789,1.51599,flask,1,366665.0
2000-02-15,2000.122951,366.468,0.305,1.32498,flask,2,366468.0
2000-03-15,2000.202186,366.238,0.2026,1.18399,flask,3,366238.0
2000-04-15,2000.286885,366.171,0.2234,1.15698,flask,4,366171.0
2000-05-15,2000.368852,366.388,0.1829,1.147,flask,5,366388.0
2000-06-15,2000.453552,366.839,0.1553,1.04401,flask,6,366839.0
2000-07-15,2000.535519,367.242,0.1603,0.940979,flask,7,367242.0
2000-08-15,2000.620219,367.486,0.1903,1.07901,flask,8,367486.0
2000-09-15,2000.704918,367.706,0.2068,1.29898,flask,9,367706.0
2000-10-15,2000.786885,367.827,0.0723,1.53,flask,10,367827.0
2000-11-15,2000.871585,367.756,0.0518,1.543,flask,11,367756.0
2000-12-15,2000.953552,367.663,0.1341,1.33701,flask,12,367663.0
2001-01-15,2001.038356,367.606,0.1452,1.34399,flask,1,367606.0
2001-02-15,2001.123288,367.547,0.0378,1.647,flask,2,367547.0
2001-03-15,2001.2,367.537,0.1388,1.92502,flask,3,367537.0
2001-04-15,2001.284932,367.701,0.1785,1.93301,flask,4,367701.0
2001-05-15,2001.367123,367.931,0.1939,1.80298,flask,5,367931.0
2001-06-15,2001.452055,368.176,0.225,1.75,flask,6,368176.0
2001-07-15,2001.534247,368.586,0.1702,1.875,flask,7,368586.0
2001-08-15,2001.619178,369.133,0.2654,1.99701,flask,8,369133.0
2001-09-15,2001.70411,369.631,0.2509,2.06403,flask,9,369631.0
2001-10-15,2001.786301,369.76,0.2053,2.06201,flask,10,369760.0
2001-11-15,2001.871233,369.559,0.2372,2.07999,flask,11,369559.0
2001-12-15,2001.953425,369.413,0.2041,2.30099,flask,12,369413.0
2002-01-15,2002.038356,369.481,0.2295,2.46301,flask,1,369481.0
2002-02-15,2002.123288,369.544,0.166,2.40601,flask,2,369544.0
2002-03-15,2002.2,369.601,0.1483,2.24698,flask,3,369601.0
2002-04-15,2002.284932,369.763,0.0816,2.25,flask,4,369763.0
2002-05-15,2002.367123,370.011,0.1527,2.33701,flask,5,370011.0
2002-06-15,2002.452055,370.477,0.2054,2.293,flask,6,370477.0
2002-07-15,2002.534247,371.049,0.2203,2.19302,flask,7,371049.0
2002-08-15,2002.619178,371.539,0.2038,2.20801,flask,8,371539.0
2002-09-15,2002.70411,371.878,0.1421,2.353,flask,9,371878.0
2002-10-15,2002.786301,372.01,0.0912,2.47198,flask,10,372010.0
2002-11-15,2002.871233,371.896,0.11,2.51001,flask,11,371896.0
2002-12-15,2002.953425,371.706,0.2224,2.388,flask,12,371706.0
2003-01-15,2003.038356,371.674,0.054,2.276,flask,1,371674.0
2003-02-15,2003.123288,371.752,0.1021,2.32098,flask,2,371752.0
2003-03-15,2003.2,371.954,0.1418,2.27802,flask,3,371954.0
2003-04-15,2003.284932,372.235,0.283,2.069,flask,4,372235.0
2003-05-15,2003.367123,372.521,0.105,1.966,flask,5,372521.0
2003-06-15,2003.452055,372.865,0.2564,1.974,flask,6,372865.0
2003-07-15,2003.534247,373.325,0.1691,1.97299,flask,7,373325.0
2003-08-15,2003.619178,373.86,0.1594,2.02399,flask,8,373860.0
2003-09-15,2003.70411,374.156,0.1717,1.91498,flask,9,374156.0
2003-10-15,2003.786301,374.079,0.119,1.78601,flask,10,374079.0
2003-11-15,2003.871233,373.862,0.1404,1.89401,flask,11,373862.0
2003-12-15,2003.953425,373.68,0.1074,2.03101,flask,12,373680.0
2004-01-15,2004.038251,373.647,0.2711,1.97299,flask,1,373647.0
2004-02-15,2004.122951,373.776,0.2733,1.77902,flask,2,373776.0
2004-03-15,2004.202186,373.869,0.0733,1.63901,flask,3,373869.0
2004-04-15,2004.286885,374.021,0.1896,1.73798,flask,4,374021.0
2004-05-15,2004.368852,374.415,0.2442,1.95001,flask,5,374415.0
2004-06-15,2004.453552,374.896,0.1924,1.952,flask,6,374896.0
2004-07-15,2004.535519,375.298,0.1698,1.82999,flask,7,375298.0
2004-08-15,2004.620219,375.639,0.1366,1.746,flask,8,375639.0
2004-09-15,2004.704918,375.795,0.1187,1.68402,flask,9,375795.0
2004-10-15,2004.786885,375.817,0.1501,1.66699,flask,10,375817.0
2004-11-15,2004.871585,375.812,0.1412,1.87399,flask,11,375812.0
2004-12-15,2004.953552,375.632,0.102,2.15302,flask,12,375632.0
2005-01-15,2005.038356,375.477,0.2628,2.12,flask,1,375477.0
2005-02-15,2005.123288,375.522,0.0994,2.064,flask,2,375522.0
2005-03-15,2005.2,375.553,0.1753,2.18399,flask,3,375553.0
2005-04-15,2005.284932,375.688,0.0977,2.23602,flask,4,375688.0
2005-05-15,2005.367123,376.289,0.3375,2.18698,flask,5,376289.0
2005-06-15,2005.452055,377.049,0.3044,2.254,flask,6,377049.0
2005-07-15,2005.534247,377.418,0.2716,2.495,flask,7,377418.0
2005-08-15,2005.619178,377.703,0.1206,2.582,flask,8,377703.0
2005-09-15,2005.70411,377.979,0.0502,2.56699,flask,9,377979.0
2005-10-15,2005.786301,378.053,0.1042,2.492,flask,10,378053.0
2005-11-15,2005.871233,377.999,0.0347,2.01401,flask,11,377999.0
2005-12-15,2005.953425,377.886,0.0742,1.48798,flask,12,377886.0
2006-01-15,2006.038356,377.972,0.2376,1.51099,flask,1,377972.0
2006-02-15,2006.123288,378.104,0.2046,1.67801,flask,2,378104.0
2006-03-15,2006.2,378.12,0.1071,1.625,flask,3,378120.0
2006-04-15,2006.284932,378.18,0.2063,1.48099,flask,4,378180.0
2006-05-15,2006.367123,378.303,0.1148,1.492,flask,5,378303.0
2006-06-15,2006.452055,378.537,0.0957,1.68002,flask,6,378537.0
2006-07-15,2006.534247,378.929,0.1843,1.52002,flask,7,378929.0
2006-08-15,2006.619178,379.381,0.1425,1.35501,flask,8,379381.0
2006-09-15,2006.70411,379.604,0.0869,1.448,flask,9,379604.0
2006-10-15,2006.786301,379.534,0.139,1.586,flask,10,379534.0
2006-11-15,2006.871233,379.491,0.2449,1.836,flask,11,379491.0
2006-12-15,2006.953425,379.566,0.1134,1.99002,flask,12,379566.0
2007-01-15,2007.038356,379.492,0.1785,2.104,flask,1,379492.0
2007-02-15,2007.123288,379.459,0.0662,2.06998,flask,2,379459.0
2007-03-15,2007.2,379.568,0.1563,2.056,flask,3,379568.0
2007-04-15,2007.284932,379.766,0.0883,2.25201,flask,4,379766.0
2007-05-15,2007.367123,380.139,0.1613,2.27301,flask,5,380139.0
2007-06-15,2007.452055,380.527,0.1513,2.15198,flask,6,380527.0
2007-07-15,2007.534247,381.033,0.1764,2.28699,flask,7,381033.0
2007-08-15,2007.619178,381.451,0.1034,2.39999,flask,8,381451.0
2007-09-15,2007.70411,381.66,0.3891,2.29901,flask,9,381660.0
2007-10-15,2007.786301,381.786,0.1511,2.19501,flask,10,381786.0
2007-11-15,2007.871233,381.764,0.1265,2.09,flask,11,381764.0
2007-12-15,2007.953425,381.718,0.2178,2.202,flask,12,381718.0
2008-01-15,2008.038251,381.779,0.0732,2.03802,flask,1,381779.0
2008-02-15,2008.122951,381.859,0.1887,1.983,flask,2,381859.0
2008-03-15,2008.202186,381.867,0.0824,2.17899,flask,3,381867.0
2008-04-15,2008.286885,381.961,0.2096,2.00998,flask,4,381961.0
2008-05-15,2008.368852,382.229,0.1466,1.88098,flask,5,382229.0
2008-06-15,2008.453552,382.729,0.1996,2.005,flask,6,382729.0
2008-07-15,2008.535519,383.071,0.1031,2.18301,flask,7,383071.0
2008-08-15,2008.620219,383.434,0.2633,2.06598,flask,8,383434.0
2008-09-15,2008.704918,383.839,0.1518,1.73099,flask,9,383839.0
2008-10-15,2008.786885,383.796,0.1461,1.54102,flask,10,383796.0
2008-11-15,2008.871585,383.645,0.2593,1.49899,flask,11,383645.0
2008-12-15,2008.953552,383.723,0.1377,1.29001,flask,12,383723.0
2009-01-15,2009.038356,383.962,0.1565,1.34698,flask,1,383962.0
2009-02-15,2009.123288,383.925,0.0761,1.45001,flask,2,383925.0
2009-03-15,2009.2,383.598,0.2207,1.26102,flask,3,383598.0
2009-04-15,2009.284932,383.502,0.0978,1.41602,flask,4,383502.0
2009-05-15,2009.367123,383.728,0.146,1.54501,flask,5,383728.0
2009-06-15,2009.452055,384.019,0.1976,1.38501,flask,6,384019.0
2009-07-15,2009.534247,384.418,0.1827,1.10999,flask,7,384418.0
2009-08-15,2009.619178,384.884,0.1118,0.890015,flask,8,384884.0
2009-09-15,2009.70411,385.1,0.1712,1.12201,flask,9,385100.0
2009-10-15,2009.786301,385.212,0.0794,1.51398,flask,10,385212.0
2009-11-15,2009.871233,385.19,0.1555,1.67099,flask,11,385190.0
2009-12-15,2009.953425,385.108,0.2064,1.88498,flask,12,385108.0
2010-01-15,2010.038356,385.072,0.1746,2.14999,flask,1,385072.0
2010-02-15,2010.123288,384.815,0.1476,2.328,flask,2,384815.0
2010-03-15,2010.2,384.72,0.0704,2.45999,flask,3,384720.0
2010-04-15,2010.284932,385.016,0.1458,2.34299,flask,4,385016.0
2010-05-15,2010.367123,385.399,0.1433,2.21799,flask,5,385399.0
2010-06-15,2010.452055,385.904,0.2107,2.05798,flask,6,385904.0
2010-07-15,2010.534247,386.568,0.3418,1.94601,flask,7,386568.0
2010-08-15,2010.619178,387.212,0.1728,2.27499,flask,8,387212.0
2010-09-15,2010.70411,387.56,0.1481,2.427,flask,9,387560.0
2010-10-15,2010.786301,387.555,0.1177,2.14001,flask,10,387555.0
2010-11-15,2010.871233,387.408,0.1817,2.00403,flask,11,387408.0
2010-12-15,2010.953425,387.166,0.1315,1.92902,flask,12,387166.0
2011-01-15,2011.038356,387.018,0.1285,1.63,flask,1,387018.0
2011-02-15,2011.123288,387.09,0.1828,1.422,flask,2,387090.0
2011-03-15,2011.2,387.147,0.1698,1.569,flask,3,387147.0
2011-04-15,2011.284932,387.156,0.0252,1.70502,flask,4,387156.0
2011-05-15,2011.367123,387.403,0.1296,1.664,flask,5,387403.0
2011-06-15,2011.452055,387.833,0.1179,1.77802,flask,6,387833.0
2011-07-15,2011.534247,388.198,0.1144,1.79898,flask,7,388198.0
2011-08-15,2011.619178,388.634,0.1632,1.69901,flask,8,388634.0
2011-09-15,2011.70411,389.129,0.1792,1.67999,flask,9,389129.0
2011-10-15,2011.786301,389.26,0.1632,1.84299,flask,10,389260.0
2011-11-15,2011.871233,389.072,0.096,1.88397,flask,11,389072.0
2011-12-15,2011.953425,388.944,0.0616,1.88,flask,12,388944.0
2012-01-15,2012.038251,388.817,0.0696,2.17902,flask,1,388817.0
2012-02-15,2012.122951,388.789,0.1396,2.41599,flask,2,388789.0
2012-03-15,2012.202186,388.827,0.1296,2.35101,flask,3,388827.0
2012-04-15,2012.286885,388.999,0.0911,2.258,flask,4,388999.0
2012-05-15,2012.368852,389.287,0.1155,2.24701,flask,5,389287.0
2012-06-15,2012.453552,389.713,0.2139,2.29401,flask,6,389713.0
2012-07-15,2012.535519,390.377,0.2236,2.48102,flask,7,390377.0
2012-08-15,2012.620219,391.05,0.2007,2.737,flask,8,391050.0
2012-09-15,2012.704918,391.48,0.1099,3.03201,flask,9,391480.0
2012-10-15,2012.786885,391.518,0.0786,3.16101,flask,10,391518.0
2012-11-15,2012.871585,391.319,0.1809,3.17801,flask,11,391319.0
2012-12-15,2012.953552,391.238,0.0629,3.09299,flask,12,391238.0
2013-01-15,2013.03836,391.298,0.15,3.00998,in situ,1,391298.0
2013-02-15,2013.12329,391.526,0.218,2.841,in situ,2,391526.0
2013-03-15,2013.2,391.859,0.181,2.595,in situ,3,391859.0
2013-04-15,2013.28493,392.16,0.164,2.58398,in situ,4,392160.0
2013-05-15,2013.36712,392.465,0.154,2.75699,in situ,5,392465.0
2013-06-15,2013.45205,392.806,0.189,2.707,in situ,6,392806.0
2013-07-15,2013.53425,393.387,0.233,2.49298,in situ,7,393387.0
2013-08-15,2013.61918,393.891,0.118,2.29199,in situ,8,393891.0
2013-09-15,2013.70411,394.075,0.118,2.14398,in situ,9,394075.0
2013-10-15,2013.7863,394.102,0.101,2.048,in situ,10,394102.0
2013-11-15,2013.87123,394.076,0.115,1.91299,in situ,11,394076.0
2013-12-15,2013.95342,393.945,0.167,1.98199,in situ,12,393945.0
2014-01-15,2014.03836,393.791,0.157,1.952,in situ,1,393791.0
2014-02-15,2014.12329,393.818,0.19,1.88602,in situ,2,393818.0
2014-03-15,2014.2,394.003,0.174,1.927,in situ,3,394003.0
2014-04-15,2014.28493,394.208,0.099,1.89001,in situ,4,394208.0
2014-05-15,2014.36712,394.378,0.11,1.87201,in situ,5,394378.0
2014-06-15,2014.45205,394.788,0.192,1.944,in situ,6,394788.0
2014-07-15,2014.53425,395.339,0.2,2.13101,in situ,7,395339.0
2014-08-15,2014.61918,395.777,0.142,2.24402,in situ,8,395777.0
2014-09-15,2014.70411,396.002,0.129,2.20001,in situ,9,396002.0
2014-10-15,2014.7863,395.992,0.141,2.319,in situ,10,395992.0
2014-11-15,2014.87123,395.948,0.095,2.565,in situ,11,395948.0
2014-12-15,2014.95342,395.889,0.166,2.47202,in situ,12,395889.0
2015-01-15,2015.03836,395.922,0.18,2.41602,in situ,1,395922.0
2015-02-15,2015.12329,396.062,0.18,2.53699,in situ,2,396062.0
2015-03-15,2015.2,396.203,0.154,2.50497,in situ,3,396203.0
2015-04-15,2015.28493,396.527,0.162,2.54999,in situ,4,396527.0
2015-05-15,2015.36712,396.943,0.149,2.715,in situ,5,396943.0
2015-06-15,2015.45205,397.26,0.191,2.88699,in situ,6,397260.0
2015-07-15,2015.53425,397.755,0.212,2.98001,in situ,7,397755.0
2015-08-15,2015.61918,398.314,0.16,3.01099,in situ,8,398314.0
2015-09-15,2015.70411,398.507,0.164,3.13,in situ,9,398507.0
2015-10-15,2015.7863,398.542,0.138,3.255,in situ,10,398542.0
2015-11-15,2015.87123,398.663,0.134,3.35101,in situ,11,398663.0
2015-12-15,2015.95342,398.776,0.12,3.54199,in situ,12,398776.0
2016-01-15,2016.03825,398.902,0.142,3.53299,in situ,1,398902.0
2016-02-15,2016.12295,399.073,0.199,3.27499,in situ,2,399073.0
2016-03-15,2016.20219,399.333,0.209,3.25803,in situ,3,399333.0
2016-04-15,2016.28689,399.782,0.241,3.26102,in situ,4,399782.0
2016-05-15,2016.36885,400.294,0.176,2.879,in situ,5,400294.0
2016-06-15,2016.45355,400.802,0.201,2.573,in situ,6,400802.0
2016-07-15,2016.53552,401.288,0.19,2.38199,in situ,7,401288.0
2016-08-15,2016.62022,401.589,0.118,2.155,in situ,8,401589.0
2016-09-15,2016.70492,401.765,0.134,1.983,in situ,9,401765.0
2016-10-15,2016.78689,401.803,0.123,1.81497,in situ,10,401803.0
2016-11-15,2016.87158,401.542,0.155,1.57898,in situ,11,401542.0
2016-12-15,2016.95355,401.349,0.152,1.38,in situ,12,401349.0
2017-01-15,2017.03836,401.284,0.164,1.53302,in situ,1,401284.0
2017-02-15,2017.12329,401.228,0.164,1.81601,in situ,2,401228.0
2017-03-15,2017.2,401.316,0.108,1.85098,in situ,3,401316.0
2017-04-15,2017.28493,401.597,0.139,1.94498,in situ,4,401597.0
2017-05-15,2017.36712,401.873,0.13,2.31799,in situ,5,401873.0
2017-06-15,2017.45205,402.182,0.193,2.509,in situ,6,402182.0
2017-07-15,2017.53425,402.821,0.248,2.63501,in situ,7,402821.0
2017-08-15,2017.61918,403.405,0.141,2.75101,in situ,8,403405.0
2017-09-15,2017.70411,403.616,0.098,2.72,in situ,9,403616.0
2017-10-15,2017.7863,403.748,0.156,2.66302,in situ,10,403748.0
2017-11-15,2017.87123,403.86,0.101,2.64502,in situ,11,403860.0
2017-12-15,2017.95342,403.858,0.191,2.63498,in situ,12,403858.0
2018-01-15,2018.03836,403.919,0.169,2.48398,in situ,1,403919.0
2018-02-15,2018.12329,403.979,0.155,2.36499,in situ,2,403979.0
2018-03-15,2018.2,404.036,0.13,2.354,in situ,3,404036.0
2018-04-15,2018.28493,404.26,0.168,2.24503,in situ,4,404260.0
2018-05-15,2018.36712,404.518,0.138,2.05801,in situ,5,404518.0
2018-06-15,2018.45205,404.817,0.158,2.01401,in situ,6,404817.0
2018-07-15,2018.53425,405.305,0.208,1.92398,in situ,7,405305.0
2018-08-15,2018.61918,405.77,0.137,1.77899,in situ,8,405770.0
2018-09-15,2018.70411,405.97,0.106,1.85898,in situ,9,405970.0
2018-10-15,2018.7863,405.993,0.164,2.048,in situ,10,405993.0
2018-11-15,2018.87123,405.918,0.164,2.32898,in situ,11,405918.0
2018-12-15,2018.95342,405.872,0.135,2.61502,in situ,12,405872.0
2019-01-15,2019.03836,405.843,0.18,2.733,in situ,1,405843.0
2019-02-15,2019.12329,405.758,0.146,2.73401,in situ,2,405758.0
2019-03-15,2019.2,405.895,0.185,2.758,in situ,3,405895.0
2019-04-15,2019.28493,406.308,0.173,2.89297,in situ,4,406308.0
2019-05-15,2019.36712,406.847,0.221,2.98801,in situ,5,406847.0
2019-06-15,2019.45205,407.432,0.225,2.798,in situ,6,407432.0
2019-07-15,2019.53425,408.038,0.206,2.57501,in situ,7,408038.0
2019-08-15,2019.61918,408.504,0.154,2.73599,in situ,8,408504.0
2019-09-15,2019.70411,408.728,0.135,2.85501,in situ,9,408728.0
2019-10-15,2019.7863,408.886,0.11,2.67599,in situ,10,408886.0
2019-11-15,2019.87123,408.906,0.118,2.38901,in situ,11,408906.0
2019-12-15,2019.95342,408.67,0.167,2.228,in situ,12,408670.0
2020-01-15,2020.03825,408.418,0.187,2.198,in situ,1,408418.0
2020-02-15,2020.12295,408.494,0.158,2.19601,in situ,2,408494.0
2020-03-15,2020.20219,408.75,0.185,2.194,in situ,3,408750.0
2020-04-15,2020.28689,408.984,0.129,2.10901,in situ,4,408984.0
2020-05-15,2020.36885,409.236,0.134,1.99799,in situ,5,409236.0
2020-06-15,2020.45355,409.66,0.183,2.11697,in situ,6,409660.0
2020-07-15,2020.53552,410.236,0.216,2.30099,in situ,7,410236.0
2020-08-15,2020.62022,410.7,0.145,2.224,in situ,8,410700.0
2020-09-15,2020.70492,410.922,0.101,2.12601,in situ,9,410922.0
2020-10-15,2020.78689,410.995,0.127,2.021,in situ,10,410995.0
2020-11-15,2020.87158,410.904,0.146,1.961,in situ,11,410904.0
2020-12-15,2020.95355,410.787,0.153,1.957,in situ,12,410787.0
2021-01-15,2021.03836,410.719,0.161,1.89102,in situ,1,410719.0
2021-02-15,2021.12329,410.718,0.148,1.93298,in situ,2,410718.0
2021-03-15,2021.2,410.876,0.193,2.095,in situ,3,410876.0
2021-04-15,2021.28493,411.005,0.111,2.16101,in situ,4,411005.0
2021-05-15,2021.36712,411.197,0.157,2.28799,in situ,5,411197.0
2021-06-15,2021.45205,411.617,0.183,2.38303,in situ,6,411617.0
2021-07-15,2021.53425,412.127,0.188,2.367,in situ,7,412127.0
2021-08-15,2021.61918,412.633,0.192,2.43002,in situ,8,412633.0
2021-09-15,2021.70411,413.017,0.14,2.45099,in situ,9,413017.0
2021-10-15,2021.7863,413.156,0.103,2.483,in situ,10,413156.0
2021-11-15,2021.87123,413.192,0.113,2.51901,in situ,11,413192.0
2021-12-15,2021.95342,413.17,0.186,2.45099,in situ,12,413170.0
2022-01-15,2022.03836,413.086,0.196,2.41998,in situ,1,413086.0
2022-02-15,2022.12329,413.148,0.145,2.42001,in situ,2,413148.0
2022-03-15,2022.2,413.327,0.173,2.26199,in situ,3,413327.0
2022-04-15,2022.28493,413.488,0.171,2.14798,in situ,4,413488.0
2022-05-15,2022.36712,413.716,0.128,2.13702,in situ,5,413716.0
2022-06-15,2022.45205,414.068,0.143,2.01999,in situ,6,414068.0
2022-07-15,2022.53425,414.547,0.184,1.87201,in situ,7,414547.0
2022-08-15,2022.61918,415.053,0.178,1.841,in situ,8,415053.0
2022-09-15,2022.70411,415.279,0.122,1.84702,in situ,9,415279.0
2022-10-15,2022.7863,415.304,0.126,1.89099,in situ,10,415304.0
2022-11-15,2022.87123,415.329,0.117,1.99701,in situ,11,415329.0
2022-12-15,2022.95342,415.19,0.166,2.04501,in situ,12,415190.0
2023-01-15,2023.03836,414.958,0.189,2.009,in situ,1,414958.0
2023-02-15,2023.12329,414.989,0.169,2.03,in situ,2,414989.0
2023-03-15,2023.2,415.174,0.173,2.11401,in situ,3,415174.0
2023-04-15,2023.28493,415.379,0.146,2.27103,in situ,4,415379.0
2023-05-15,2023.36712,415.713,0.164,2.44498,in situ,5,415713.0
2023-06-15,2023.45205,416.113,0.149,2.64999,in situ,6,416113.0
2023-07-15,2023.53425,416.556,0.195,3.013,in situ,7,416556.0
2023-08-15,2023.61918,417.083,0.204,3.23898,in situ,8,417083.0
2023-09-15,2023.70411,417.393,0.137,3.43399,in situ,9,417393.0
2023-10-15,2023.7863,417.575,0.126,3.694,in situ,10,417575.0
2023-11-15,2023.87123,417.774,0.185,3.80099,in situ,11,417774.0
2023-12-15,2023.95342,417.84,0.178,3.92099,in situ,12,417840.0
2024-01-15,2024.03825,417.971,0.184,3.90701,in situ,1,417971.0
2024-02-15,2024.12295,418.228,0.21,3.71201,in situ,2,418228.0
2024-03-15,2024.20219,418.608,0.215,3.78699,in situ,3,418608.0
2024-04-15,2024.28689,419.073,0.215,3.82199,in situ,4,419073.0
2024-05-15,2024.36885,419.514,0.199,3.64001,in situ,5,419514.0
2024-06-15,2024.45355,420.034,0.214,3.53702,in situ,6,420034.0
2024-07-15,2024.53552,420.463,0.148,,in situ,7,420463.0
2024-08-15,2024.62022,420.795,0.157,,in situ,8,420795.0
2024-09-15,2024.70492,421.18,0.139,,in situ,9,421180.0
2024-10-15,2024.78689,421.397,0.097,,in situ,10,421397.0
2024-11-15,2024.87158,421.414,0.156,,in situ,11,421414.0
2024-12-15,2024.95355,421.377,0.171,,in situ,12,421377.0
